{
  "exoticbirds:eb/root": {
    "criteria": {
      "trigger_1": "2024-07-31 21:26:13 +0000"
    },
    "done": true
  },
  "dungeontactics:dungeoneering/born_survivor": {
    "criteria": {
      "stab": "2024-07-31 21:26:13 +0000"
    },
    "done": false
  },
  "iceandfire:iceandfire/root": {
    "criteria": {
      "tick": "2024-07-31 21:26:13 +0000"
    },
    "done": true
  },
  "cfm:root": {
    "criteria": {
      "tick": "2024-07-31 21:26:13 +0000"
    },
    "done": true
  },
  "ghostly:root": {
    "criteria": {
      "tick": "2024-07-31 21:26:13 +0000"
    },
    "done": true
  },
  "cfm:install": {
    "criteria": {
      "tick": "2024-07-31 21:26:13 +0000"
    },
    "done": true
  },
  "minecraft:adventure/adventuring_time": {
    "criteria": {
      "plains": "2024-07-31 21:26:13 +0000"
    },
    "done": false
  }
}